segment_u,segment_v,centrality,route_frequency,route_ids,average_route_distance_km
4345781143,13713889775,0.0004428407625480281,4,"1,2,5,9",25.715588610560165
412852131,2481665158,0.0004017429823700488,4,"1,2,5,9",25.715588610560165
2351011512,2481665158,0.0003975311873859767,3,"2,5,9",26.298422441738385
2189663546,11312912535,0.0003731511626348335,2,"3,8",27.620107031129507
122610051,2344135028,0.00036323961376390104,2,"3,8",27.620107031129507
6635731003,6635731023,0.00031671107965988384,2,"3,8",27.620107031129507
2242040658,10117166201,0.0003850455288270484,1,1,23.967087117025507
3445223330,9848080629,0.0003405378780765054,1,6,28.048692044345163
29285806,3445223330,0.0003392174097153613,1,6,28.048692044345163
29285825,2985970611,0.0003356611963968156,1,6,28.048692044345163
680044706,2354883092,0.00022502269678710324,1,7,25.436651405110336
2236127705,2354883092,0.00022459974087386038,1,7,25.436651405110336
675313218,2236127705,0.00022451514969121182,1,7,25.436651405110336
305232330,8514625087,0.00022024837043841815,1,4,23.972439828208568
412852203,4790518879,0.00021764127018918935,1,4,23.972439828208568
305232330,412852203,0.00021762858151179207,1,4,23.972439828208568
744846558,744846586,0.00018783472107114065,1,10,25.042655517638405
400913880,744846586,0.00018783218333566121,1,10,25.042655517638405
1389254005,4201681176,0.0001850076837470256,1,10,25.042655517638405
