route_id,origin,destination,route_distance_km,segment_u,segment_v,centrality
1,9794505072,10703870948,23.967087117025507,13713889775,4345781143,0.0004428407625480281
1,9794505072,10703870948,23.967087117025507,2481665158,412852131,0.0004017429823700488
1,9794505072,10703870948,23.967087117025507,2242040658,10117166201,0.0003850455288270484
2,2241495211,14160701576,30.99404247925271,2351011512,2481665158,0.0003975311873859767
3,370488424,3919364216,33.071150413751205,11312912535,2189663546,0.0003731511626348335
3,370488424,3919364216,33.071150413751205,2344135028,122610051,0.00036323961376390104
3,370488424,3919364216,33.071150413751205,6635731003,6635731023,0.00031671107965988384
4,2233211165,29441785,23.972439828208568,8514625087,305232330,0.00022024837043841815
4,2233211165,29441785,23.972439828208568,412852203,4790518879,0.00021764127018918935
4,2233211165,29441785,23.972439828208568,305232330,412852203,0.00021762858151179207
6,14020475006,9049798462,28.048692044345163,9848080629,3445223330,0.0003405378780765054
6,14020475006,9049798462,28.048692044345163,3445223330,29285806,0.0003392174097153613
6,14020475006,9049798462,28.048692044345163,29285825,2985970611,0.0003356611963968156
7,403106768,4342906092,25.436651405110336,2354883092,680044706,0.00022502269678710324
7,403106768,4342906092,25.436651405110336,2236127705,2354883092,0.00022459974087386038
7,403106768,4342906092,25.436651405110336,675313218,2236127705,0.00022451514969121182
10,11716904354,2233831760,25.042655517638405,744846558,744846586,0.00018783472107114065
10,11716904354,2233831760,25.042655517638405,744846586,400913880,0.00018783218333566121
10,11716904354,2233831760,25.042655517638405,1389254005,4201681176,0.0001850076837470256
